[
  {
    "id": "c6c644f1-9f35-4828-a603-47e712727396",
    "data": [
      {
        "text": "mail me",
        "userDefined": false
      }
    ],
    "isTemplate": false,
    "count": 1,
    "updated": 1544596892
  },
  {
    "id": "97eda92f-4e54-4e35-971a-bd9f7419759e",
    "data": [
      {
        "text": "send premium receipt",
        "userDefined": false
      }
    ],
    "isTemplate": false,
    "count": 0,
    "updated": 1544596892
  },
  {
    "id": "96e21383-5fc4-4835-b326-e0f7108b3e5c",
    "data": [
      {
        "text": "email me premium receipt",
        "userDefined": false
      }
    ],
    "isTemplate": false,
    "count": 0,
    "updated": 1544596892
  },
  {
    "id": "790703e6-b1cf-4ba1-a549-42bb6305d065",
    "data": [
      {
        "text": "email me receipt",
        "userDefined": false
      }
    ],
    "isTemplate": false,
    "count": 0,
    "updated": 1544596892
  },
  {
    "id": "30203939-73ef-47e7-86ab-fb8b28d5a9c0",
    "data": [
      {
        "text": "email myself",
        "userDefined": false
      }
    ],
    "isTemplate": false,
    "count": 0,
    "updated": 1544596892
  }
]