[
  {
    "id": "954c491f-18c2-4a2c-b0d9-8f9c834149fa",
    "data": [
      {
        "text": "get my nominee name",
        "userDefined": false
      }
    ],
    "isTemplate": false,
    "count": 0,
    "updated": 1544523404
  },
  {
    "id": "dd773539-d8dd-4de3-aa49-d6bcbb0efa26",
    "data": [
      {
        "text": "I want to get my nominee details",
        "userDefined": false
      }
    ],
    "isTemplate": false,
    "count": 0,
    "updated": 1544523404
  },
  {
    "id": "b49b4100-be27-4acc-8c0c-f73ec8fe3b33",
    "data": [
      {
        "text": "I want to know my nominee data",
        "userDefined": false
      }
    ],
    "isTemplate": false,
    "count": 0,
    "updated": 1544523404
  },
  {
    "id": "e61bfd4c-2023-4a2d-9b9f-bcc6225dac9b",
    "data": [
      {
        "text": "give me my nominee details",
        "userDefined": false
      }
    ],
    "isTemplate": false,
    "count": 0,
    "updated": 1544523404
  },
  {
    "id": "ff2bcedc-ad38-4379-a9f8-231b8ac07a75",
    "data": [
      {
        "text": "display nominee",
        "userDefined": false
      }
    ],
    "isTemplate": false,
    "count": 0,
    "updated": 1544523404
  },
  {
    "id": "72c102d7-9534-43a3-bb2a-616e35abdc67",
    "data": [
      {
        "text": "show nominee",
        "userDefined": false
      }
    ],
    "isTemplate": false,
    "count": 0,
    "updated": 1544523404
  },
  {
    "id": "1eb88782-7bed-47ea-b5d0-027fd3daf58f",
    "data": [
      {
        "text": "my nominee",
        "userDefined": false
      }
    ],
    "isTemplate": false,
    "count": 0,
    "updated": 1544523404
  },
  {
    "id": "81c1c415-3cfb-4b0c-bc82-89412f17c3d1",
    "data": [
      {
        "text": "nominee name",
        "userDefined": false
      }
    ],
    "isTemplate": false,
    "count": 0,
    "updated": 1544523404
  },
  {
    "id": "322a1fbc-4614-4c05-8763-e937dc2cbceb",
    "data": [
      {
        "text": "nominee detail",
        "userDefined": false
      }
    ],
    "isTemplate": false,
    "count": 0,
    "updated": 1544523404
  },
  {
    "id": "5c23dda2-95c5-47e5-a931-1f87ae6bbc9c",
    "data": [
      {
        "text": "nominee",
        "userDefined": false
      }
    ],
    "isTemplate": false,
    "count": 0,
    "updated": 1544523404
  }
]