[
  {
    "id": "2a966941-e196-4320-a269-08a413557d33",
    "data": [
      {
        "text": "otp ",
        "userDefined": false
      },
      {
        "text": "123456",
        "alias": "number",
        "meta": "@sys.number",
        "userDefined": true
      }
    ],
    "isTemplate": false,
    "count": 0,
    "updated": 1544178227
  },
  {
    "id": "984ed7b6-6ce9-4e59-a200-323e36091140",
    "data": [
      {
        "text": "12345",
        "alias": "number",
        "meta": "@sys.number",
        "userDefined": true
      },
      {
        "text": " is OTP",
        "userDefined": false
      }
    ],
    "isTemplate": false,
    "count": 0,
    "updated": 1544178227
  },
  {
    "id": "152d6a3f-7a33-4be6-869d-9248ff807aeb",
    "data": [
      {
        "text": "My OTP is ",
        "userDefined": false
      },
      {
        "text": "123456",
        "alias": "number",
        "meta": "@sys.number",
        "userDefined": true
      }
    ],
    "isTemplate": false,
    "count": 0,
    "updated": 1544178227
  },
  {
    "id": "beb164b5-c3bc-4b42-8db7-7f39e64b59ab",
    "data": [
      {
        "text": "123456",
        "alias": "number",
        "meta": "@sys.number",
        "userDefined": true
      }
    ],
    "isTemplate": false,
    "count": 0,
    "updated": 1544178227
  },
  {
    "id": "c41849b3-1a48-4e17-b06a-0b5335810003",
    "data": [
      {
        "text": "OTP is ",
        "userDefined": false
      },
      {
        "text": "1234",
        "alias": "number",
        "meta": "@sys.number",
        "userDefined": true
      }
    ],
    "isTemplate": false,
    "count": 0,
    "updated": 1544164766
  }
]