[
  {
    "id": "a469aaad-7cc8-4a92-883d-3a9a8d3d6e1d",
    "data": [
      {
        "text": "my policy number ",
        "userDefined": false
      },
      {
        "text": "1234",
        "alias": "policyNumber",
        "meta": "@sys.number",
        "userDefined": true
      }
    ],
    "isTemplate": false,
    "count": 0,
    "updated": 1544178473
  },
  {
    "id": "59f1925d-387a-4a80-8066-96ae3f95bc0a",
    "data": [
      {
        "text": "policy number ",
        "userDefined": false
      },
      {
        "text": "1234",
        "alias": "policyNumber",
        "meta": "@sys.number",
        "userDefined": true
      }
    ],
    "isTemplate": false,
    "count": 0,
    "updated": 1544178473
  },
  {
    "id": "396eb9ce-9353-45af-9ac9-97d4ab9ba133",
    "data": [
      {
        "text": "number ",
        "userDefined": false
      },
      {
        "text": "1234",
        "alias": "policyNumber",
        "meta": "@sys.number",
        "userDefined": true
      }
    ],
    "isTemplate": false,
    "count": 0,
    "updated": 1544178473
  },
  {
    "id": "2d826c3a-da19-412a-8dff-3a6ddc1aa8d2",
    "data": [
      {
        "text": "policy ",
        "userDefined": false
      },
      {
        "text": "1234",
        "alias": "policyNumber",
        "meta": "@sys.number",
        "userDefined": true
      }
    ],
    "isTemplate": false,
    "count": 0,
    "updated": 1544178473
  },
  {
    "id": "4510ae6b-0686-4dcf-b436-a85da0ff5509",
    "data": [
      {
        "text": "1234",
        "alias": "policyNumber",
        "meta": "@sys.number",
        "userDefined": true
      }
    ],
    "isTemplate": false,
    "count": 0,
    "updated": 1544178473
  },
  {
    "id": "52bfb74d-d9fc-4910-9c01-96f5aa4ce212",
    "data": [
      {
        "text": "My policy number is ",
        "userDefined": false
      },
      {
        "text": "1234",
        "alias": "policyNumber",
        "meta": "@sys.number",
        "userDefined": true
      }
    ],
    "isTemplate": false,
    "count": 0,
    "updated": 1544178473
  }
]