[
  {
    "id": "98edca51-25f1-4c02-8c20-263cb8dae754",
    "data": [
      {
        "text": "see policy detail",
        "userDefined": false
      }
    ],
    "isTemplate": false,
    "count": 0,
    "updated": 1544520356
  },
  {
    "id": "db2d1f6f-120e-4931-b109-571f521d3fdb",
    "data": [
      {
        "text": "view policy",
        "userDefined": false
      }
    ],
    "isTemplate": false,
    "count": 0,
    "updated": 1544520356
  },
  {
    "id": "55e8af1e-f458-43b3-8a04-1381ac5d4d8e",
    "data": [
      {
        "text": "show policy",
        "userDefined": false
      }
    ],
    "isTemplate": false,
    "count": 0,
    "updated": 1544520356
  },
  {
    "id": "3124f4e8-a88e-4f46-81b2-eb73ff66e33d",
    "data": [
      {
        "text": "give policy details",
        "userDefined": false
      }
    ],
    "isTemplate": false,
    "count": 0,
    "updated": 1544520356
  },
  {
    "id": "2dcda2ac-67a2-47e5-b2d5-4237d6ef3949",
    "data": [
      {
        "text": "Show me my policy info",
        "userDefined": false
      }
    ],
    "isTemplate": false,
    "count": 0,
    "updated": 1544520356
  },
  {
    "id": "69a7da53-a8fe-4a29-872d-6a944d4fa3cd",
    "data": [
      {
        "text": "what is my policy",
        "userDefined": false
      }
    ],
    "isTemplate": false,
    "count": 0,
    "updated": 1544520356
  },
  {
    "id": "8876e94f-74c1-4425-888b-cf021f17af7a",
    "data": [
      {
        "text": "Policy data",
        "userDefined": false
      }
    ],
    "isTemplate": false,
    "count": 0,
    "updated": 1544520356
  },
  {
    "id": "c247d820-88f8-4daf-bff0-b2601fb1e74e",
    "data": [
      {
        "text": "policy details",
        "userDefined": false
      }
    ],
    "isTemplate": false,
    "count": 0,
    "updated": 1544520356
  },
  {
    "id": "382f3384-3660-45fd-a76f-3958fefb328c",
    "data": [
      {
        "text": "View Policy Details",
        "userDefined": false
      }
    ],
    "isTemplate": false,
    "count": 0,
    "updated": 1544520356
  }
]