[
  {
    "id": "7b6a7184-d8a2-43ab-b373-ebfbb20e901d",
    "data": [
      {
        "text": "policy date of premium",
        "userDefined": false
      }
    ],
    "isTemplate": false,
    "count": 0,
    "updated": 1544524188
  },
  {
    "id": "d613929e-6708-4bc1-8c88-e330ecd0ae2b",
    "data": [
      {
        "text": "policy premium due",
        "userDefined": false
      }
    ],
    "isTemplate": false,
    "count": 0,
    "updated": 1544524188
  },
  {
    "id": "03a55844-4dfc-46c3-802b-9844712cace8",
    "data": [
      {
        "text": "due amount and date",
        "userDefined": false
      }
    ],
    "isTemplate": false,
    "count": 0,
    "updated": 1544524188
  },
  {
    "id": "75ff1f12-b5e9-47c5-a078-55c5f0434fe8",
    "data": [
      {
        "text": "show my due date of premium",
        "userDefined": false
      }
    ],
    "isTemplate": false,
    "count": 0,
    "updated": 1544524188
  },
  {
    "id": "8ba41b41-d9d5-40e2-9475-2feb92348b17",
    "data": [
      {
        "text": "show my due amount",
        "userDefined": false
      }
    ],
    "isTemplate": false,
    "count": 0,
    "updated": 1544524188
  },
  {
    "id": "3fe1edf4-8be9-41f8-acf5-a3270cfa002e",
    "data": [
      {
        "text": "due date of premium",
        "userDefined": false
      }
    ],
    "isTemplate": false,
    "count": 0,
    "updated": 1544524188
  },
  {
    "id": "6175e2bc-5980-42b0-9fac-b352fd0e3d5b",
    "data": [
      {
        "text": "due amount",
        "userDefined": false
      }
    ],
    "isTemplate": false,
    "count": 0,
    "updated": 1544524188
  },
  {
    "id": "d62df4ee-8944-4ba3-9bab-7c0fbee98c4a",
    "data": [
      {
        "text": "premium date due",
        "userDefined": false
      }
    ],
    "isTemplate": false,
    "count": 0,
    "updated": 1544524188
  },
  {
    "id": "ac32580e-79cb-45fc-9540-30a86d63bfea",
    "data": [
      {
        "text": "premium amount due",
        "userDefined": false
      }
    ],
    "isTemplate": false,
    "count": 0,
    "updated": 1544524188
  }
]