[
  {
    "id": "23d60c5e-ba5c-4d1b-a855-ecdf62d2457e",
    "data": [
      {
        "text": "last ",
        "userDefined": false
      },
      {
        "text": "year",
        "alias": "date-period",
        "meta": "@sys.date-period",
        "userDefined": true
      }
    ],
    "isTemplate": false,
    "count": 0,
    "updated": 1544599852
  },
  {
    "id": "d4a32d5c-7a00-4ac0-80f1-e308604c2eae",
    "data": [
      {
        "text": "last ",
        "userDefined": false
      },
      {
        "text": "3 yr",
        "alias": "date-period",
        "meta": "@sys.date-period",
        "userDefined": true
      },
      {
        "text": " premium receipts",
        "userDefined": false
      }
    ],
    "isTemplate": false,
    "count": 0,
    "updated": 1544599852
  },
  {
    "id": "97696887-4327-43b5-9643-34993b691e33",
    "data": [
      {
        "text": "last ",
        "userDefined": false
      },
      {
        "text": "3 yrs",
        "alias": "date-period",
        "meta": "@sys.date-period",
        "userDefined": true
      },
      {
        "text": " receipt",
        "userDefined": false
      }
    ],
    "isTemplate": false,
    "count": 0,
    "updated": 1544599852
  },
  {
    "id": "4f55b41b-4151-4820-9a7b-0968558c6cd1",
    "data": [
      {
        "text": "premium receipt ",
        "userDefined": false
      },
      {
        "text": "from 2014",
        "alias": "date-period",
        "meta": "@sys.date-period",
        "userDefined": true
      }
    ],
    "isTemplate": false,
    "count": 0,
    "updated": 1544533462
  },
  {
    "id": "859e0889-ec31-4f64-9bc2-6d55f51fc44a",
    "data": [
      {
        "text": "FY ",
        "userDefined": false
      },
      {
        "text": "16-17",
        "alias": "date-period",
        "meta": "@sys.date-period",
        "userDefined": true
      }
    ],
    "isTemplate": false,
    "count": 0,
    "updated": 1544527846
  },
  {
    "id": "75518eb1-d9ce-45a2-bd32-60ed8e636afc",
    "data": [
      {
        "text": "Show ",
        "userDefined": false
      },
      {
        "text": "last 2 years",
        "alias": "date-period",
        "meta": "@sys.date-period",
        "userDefined": false
      },
      {
        "text": " policy receipt",
        "userDefined": false
      }
    ],
    "isTemplate": false,
    "count": 0,
    "updated": 1544527846
  },
  {
    "id": "19d34c11-5f76-48be-beb6-fc753558bd73",
    "data": [
      {
        "text": "show premium receipt",
        "userDefined": false
      }
    ],
    "isTemplate": false,
    "count": 0,
    "updated": 1544527846
  },
  {
    "id": "41196abd-d689-4416-91e2-81c0ab1a6354",
    "data": [
      {
        "text": "show policy receipt",
        "userDefined": false
      }
    ],
    "isTemplate": false,
    "count": 0,
    "updated": 1544527846
  },
  {
    "id": "f60aa08c-2726-446e-8b63-69a1b9779448",
    "data": [
      {
        "text": "premium receipt",
        "userDefined": false
      }
    ],
    "isTemplate": false,
    "count": 0,
    "updated": 1544527846
  },
  {
    "id": "f481830d-1898-447a-be41-852a1b38ecfd",
    "data": [
      {
        "text": "View Premium Receipts",
        "userDefined": false
      }
    ],
    "isTemplate": false,
    "count": 0,
    "updated": 1544527846
  }
]